SensorID,time,Temperature,Humidity,GatewayID,Battery
62211613,2022-06-01T12:11:59Z,26.9,42.0,0642184907900342,3.669
62211613,2022-06-01T12:13:01Z,26.9,42.0,0642184907900342,3.669
62211613,2022-06-01T12:14:04Z,26.9,42.0,0642184907900342,3.669
62211613,2022-06-01T12:15:07Z,26.9,42.0,0642184907900342,3.669
62211613,2022-06-01T12:15:38Z,26.9,42.0,0642184907900342,3.669
62211613,2022-06-01T12:16:40Z,26.9,42.0,0642184907900342,3.669
62211613,2022-06-01T12:17:43Z,26.9,42.0,0642184907900342,3.669
62211613,2022-06-01T12:18:46Z,26.8,42.0,0642184907900342,3.669
62211613,2022-06-01T12:19:48Z,26.8,42.0,0642184907900342,3.669
62211613,2022-06-01T12:20:51Z,26.8,42.0,0642184907900342,3.669
62211613,2022-06-01T12:21:22Z,26.8,42.0,0642184907900342,3.669
62211613,2022-06-01T12:22:25Z,26.8,42.0,0642184907900342,3.669
62211613,2022-06-01T12:23:28Z,26.8,42.0,0642184907900342,3.669
62211613,2022-06-01T12:24:30Z,26.8,42.0,0642184907900342,3.669
62211613,2022-06-01T12:25:33Z,26.8,42.0,0642184907900342,3.669
62211613,2022-06-01T12:26:35Z,26.7,42.0,0642184907900342,3.669
62211613,2022-06-01T12:27:38Z,26.7,42.0,0642184907900342,3.669
62211613,2022-06-01T12:28:09Z,26.7,42.0,0642184907900342,3.669
62211613,2022-06-01T12:29:12Z,26.7,42.0,0642184907900342,3.669
62211613,2022-06-01T12:30:15Z,26.7,42.0,0642184907900342,3.669
62211613,2022-06-01T12:31:17Z,26.7,42.0,0642184907900342,3.669
62211613,2022-06-01T12:32:20Z,26.7,42.0,0642184907900342,3.669
62211613,2022-06-01T12:33:23Z,26.7,42.0,0642184907900342,3.669
62211613,2022-06-01T12:33:54Z,26.6,42.0,0642184907900342,3.669
62211613,2022-06-01T12:34:57Z,26.6,42.0,0642184907900342,3.669
62211613,2022-06-01T12:35:59Z,26.6,42.0,0642184907900342,3.669
62211613,2022-06-01T12:37:02Z,26.6,42.0,0642184907900342,3.669
62211613,2022-06-01T12:38:04Z,26.6,42.0,0642184907900342,3.669
62211613,2022-06-01T12:39:07Z,26.6,42.0,0642184907900342,3.669
62211613,2022-06-01T12:39:38Z,26.6,42.0,0642184907900342,3.669
62211613,2022-06-01T12:40:41Z,26.6,42.0,0642184907900342,3.669
62211613,2022-06-01T12:41:44Z,26.5,42.0,0642184907900342,3.669
62211613,2022-06-01T12:42:46Z,26.5,42.0,0642184907900342,3.669
62211613,2022-06-01T12:43:49Z,26.5,42.0,0642184907900342,3.669
62211613,2022-06-01T12:44:52Z,26.5,42.0,0642184907900342,3.669
62211613,2022-06-01T12:45:23Z,26.5,42.0,0642184907900342,3.669
62211613,2022-06-01T12:46:26Z,26.5,42.0,0642184907900342,3.669
62211613,2022-06-01T12:47:28Z,26.5,42.0,0642184907900342,3.669
62211613,2022-06-01T12:48:31Z,26.5,42.0,0642184907900342,3.669
62211613,2022-06-01T12:49:33Z,26.4,42.0,0642184907900342,3.669
62211613,2022-06-01T12:50:36Z,26.4,42.0,0642184907900342,3.669
62211613,2022-06-01T12:51:07Z,26.4,42.0,0642184907900342,3.669
62211613,2022-06-01T12:52:10Z,26.4,42.0,0642184907900342,3.669
62211613,2022-06-01T12:53:13Z,26.4,42.0,0642184907900342,3.669
62211613,2022-06-01T12:54:15Z,26.4,42.0,0642184907900342,3.669
62211613,2022-06-01T12:55:18Z,26.4,42.0,0642184907900342,3.669
62211613,2022-06-01T12:56:21Z,26.4,42.0,0642184907900342,3.669
62211613,2022-06-01T12:56:52Z,26.4,42.0,0642184907900342,3.669
62211613,2022-06-01T12:57:54Z,26.3,42.0,0642184907900342,3.669
62211613,2022-06-01T12:58:57Z,26.3,42.0,0642184907900342,3.669
62211613,2022-06-01T13:00:00Z,26.3,42.0,0642184907900342,3.669
62211613,2022-06-01T13:01:02Z,26.3,42.0,0642184907900342,3.669
62211613,2022-06-01T13:02:05Z,26.3,42.0,0642184907900342,3.669
62211613,2022-06-01T13:02:36Z,26.3,42.0,0642184907900342,3.669
62211613,2022-06-01T13:03:39Z,26.3,42.0,0642184907900342,3.669
62211613,2022-06-01T13:04:42Z,26.3,42.0,0642184907900342,3.669
62211613,2022-06-01T13:05:44Z,26.3,42.0,0642184907900342,3.669
62211613,2022-06-01T13:06:47Z,26.2,42.0,0642184907900342,3.669
62211613,2022-06-01T13:07:50Z,26.2,42.0,0642184907900342,3.669
62211613,2022-06-01T13:08:52Z,26.2,42.0,0642184907900342,3.669
62211613,2022-06-01T13:09:23Z,26.2,42.0,0642184907900342,3.669
62211613,2022-06-01T13:10:26Z,26.2,42.0,0642184907900342,3.669
62211613,2022-06-01T13:11:29Z,26.2,42.0,0642184907900342,3.669
62211613,2022-06-01T13:12:31Z,26.2,42.0,0642184907900342,3.669
62211613,2022-06-01T13:13:34Z,26.2,42.0,0642184907900342,3.669
62211613,2022-06-01T13:14:37Z,26.2,42.0,0642184907900342,3.669
62211613,2022-06-01T13:15:08Z,26.1,41.0,0642184907900342,3.669
62211613,2022-06-01T13:16:11Z,26.1,41.0,0642184907900342,3.669
62211613,2022-06-01T13:17:13Z,26.1,41.0,0642184907900342,3.669
62211613,2022-06-01T13:18:16Z,26.1,41.0,0642184907900342,3.669
62211613,2022-06-01T13:19:18Z,26.1,41.0,0642184907900342,3.669
62211613,2022-06-01T13:20:21Z,26.1,41.0,0642184907900342,3.669
62211613,2022-06-01T13:20:52Z,26.1,41.0,0642184907900342,3.669
62211613,2022-06-01T13:21:55Z,26.1,41.0,0642184907900342,3.669
62211613,2022-06-01T13:22:58Z,26.1,41.0,0642184907900342,3.669
62211613,2022-06-01T13:24:00Z,26.1,41.0,0642184907900342,3.669
62211613,2022-06-01T13:25:03Z,26.1,41.0,0642184907900342,3.669
62211613,2022-06-01T13:26:06Z,26.1,41.0,0642184907900342,3.669
62211613,2022-06-01T13:26:37Z,26.1,41.0,0642184907900342,3.669
62211613,2022-06-01T13:27:40Z,26.0,41.0,0642184907900342,3.669
62211613,2022-06-01T13:28:42Z,26.0,41.0,0642184907900342,3.669
62211613,2022-06-01T13:29:45Z,26.0,41.0,0642184907900342,3.669
62211613,2022-06-01T13:30:47Z,26.0,41.0,0642184907900342,3.669
62211613,2022-06-01T13:31:50Z,26.0,41.0,0642184907900342,3.669
62211613,2022-06-01T13:32:53Z,26.0,41.0,0642184907900342,3.669
62211613,2022-06-01T13:33:24Z,26.0,41.0,0642184907900342,3.669
62211613,2022-06-01T13:34:27Z,26.0,41.0,0642184907900342,3.669
62211613,2022-06-01T13:35:29Z,26.0,41.0,0642184907900342,3.669
62211613,2022-06-01T13:36:32Z,26.0,41.0,0642184907900342,3.669
62211613,2022-06-01T13:37:35Z,26.0,41.0,0642184907900342,3.669
62211613,2022-06-01T13:38:37Z,25.9,41.0,0642184907900342,3.669
62211613,2022-06-01T13:39:09Z,25.9,41.0,0642184907900342,3.669
62211613,2022-06-01T13:40:11Z,25.9,41.0,0642184907900342,3.669
62211613,2022-06-01T13:41:14Z,25.9,41.0,0642184907900342,3.669
62211613,2022-06-01T13:42:16Z,25.9,41.0,0642184907900342,3.669
62211613,2022-06-01T13:43:19Z,25.9,41.0,0642184907900342,3.669
62211613,2022-06-01T13:44:22Z,25.9,41.0,0642184907900342,3.669
62211613,2022-06-01T13:44:53Z,25.9,41.0,0642184907900342,3.669
62211613,2022-06-01T13:45:56Z,25.9,41.0,0642184907900342,3.669
62211613,2022-06-01T13:46:58Z,25.9,41.0,0642184907900342,3.669
62211613,2022-06-01T13:48:01Z,25.9,41.0,0642184907900342,3.669
62211613,2022-06-01T13:49:04Z,25.8,41.0,0642184907900342,3.669
62211613,2022-06-01T13:50:06Z,25.8,41.0,0642184907900342,3.669
62211613,2022-06-01T13:50:37Z,25.8,41.0,0642184907900342,3.669
62211613,2022-06-01T13:51:40Z,25.8,41.0,0642184907900342,3.669
62211613,2022-06-01T13:52:43Z,25.8,41.0,0642184907900342,3.669
62211613,2022-06-01T13:53:45Z,25.8,41.0,0642184907900342,3.669
62211613,2022-06-01T13:54:48Z,25.8,41.0,0642184907900342,3.669
62211613,2022-06-01T13:55:51Z,25.8,41.0,0642184907900342,3.669
62211613,2022-06-01T13:56:22Z,25.8,41.0,0642184907900342,3.669
62211613,2022-06-01T13:57:25Z,25.8,41.0,0642184907900342,3.669
62211613,2022-06-01T13:58:27Z,25.8,41.0,0642184907900342,3.669
62211613,2022-06-01T13:59:30Z,25.7,41.0,0642184907900342,3.669
62211613,2022-06-01T14:00:33Z,25.7,41.0,0642184907900342,3.669
62211613,2022-06-01T14:01:35Z,25.7,41.0,0642184907900342,3.669
62211613,2022-06-01T14:02:06Z,25.7,41.0,0642184907900342,3.669
62211613,2022-06-01T14:03:09Z,25.7,41.0,0642184907900342,3.669
62211613,2022-06-01T14:04:12Z,25.7,41.0,0642184907900342,3.669
62211613,2022-06-01T14:05:14Z,25.7,41.0,0642184907900342,3.669
62211613,2022-06-01T14:06:17Z,25.7,41.0,0642184907900342,3.669
62211613,2022-06-01T14:07:20Z,25.7,41.0,0642184907900342,3.669
62211613,2022-06-01T14:07:51Z,25.7,41.0,0642184907900342,3.669
62211613,2022-06-01T14:08:54Z,25.7,41.0,0642184907900342,3.669
62211613,2022-06-01T14:09:56Z,25.7,41.0,0642184907900342,3.669
62211613,2022-06-01T14:10:59Z,25.7,41.0,0642184907900342,3.669
62211613,2022-06-01T14:12:01Z,25.6,41.0,0642184907900342,3.669
62211613,2022-06-01T14:13:04Z,25.6,41.0,0642184907900342,3.669
62211613,2022-06-01T14:13:35Z,25.6,41.0,0642184907900342,3.669
62211613,2022-06-01T14:14:38Z,25.6,41.0,0642184907900342,3.669
62211613,2022-06-01T14:15:41Z,25.6,41.0,0642184907900342,3.669
62211613,2022-06-01T14:16:43Z,25.6,41.0,0642184907900342,3.669
62211613,2022-06-01T14:17:46Z,25.6,41.0,0642184907900342,3.669
62211613,2022-06-01T14:18:49Z,25.6,41.0,0642184907900342,3.669
62211613,2022-06-01T14:19:51Z,25.6,41.0,0642184907900342,3.669
62211613,2022-06-01T14:20:23Z,25.6,41.0,0642184907900342,3.669
62211613,2022-06-01T14:21:25Z,25.6,41.0,0642184907900342,3.669
62211613,2022-06-01T14:22:28Z,25.6,41.0,0642184907900342,3.669
62211613,2022-06-01T14:23:30Z,25.6,41.0,0642184907900342,3.669
62211613,2022-06-01T14:24:33Z,25.6,41.0,0642184907900342,3.669
62211613,2022-06-01T14:25:36Z,25.6,41.0,0642184907900342,3.669
62211613,2022-06-01T14:26:07Z,25.6,41.0,0642184907900342,3.669
62211613,2022-06-01T14:27:10Z,25.6,41.0,0642184907900342,3.669
62211613,2022-06-01T14:28:12Z,25.6,41.0,0642184907900342,3.669
62211613,2022-06-01T14:29:15Z,25.6,41.0,0642184907900342,3.669
62211613,2022-06-01T14:30:18Z,25.6,41.0,0642184907900342,3.669
62211613,2022-06-01T14:31:20Z,25.6,41.0,0642184907900342,3.669
62211613,2022-06-01T14:31:52Z,25.6,41.0,0642184907900342,3.669
62211613,2022-06-01T14:32:54Z,25.6,41.0,0642184907900342,3.669
62211613,2022-06-01T14:33:57Z,25.6,41.0,0642184907900342,3.669
62211613,2022-06-01T14:34:59Z,25.5,41.0,0642184907900342,3.669
62211613,2022-06-01T14:36:02Z,25.5,41.0,0642184907900342,3.669
62211613,2022-06-01T14:37:05Z,25.5,41.0,0642184907900342,3.669
62211613,2022-06-01T14:37:36Z,25.5,41.0,0642184907900342,3.669
62211613,2022-06-01T14:38:39Z,25.5,41.0,0642184907900342,3.669
62211613,2022-06-01T14:39:41Z,25.5,41.0,0642184907900342,3.669
62211613,2022-06-01T14:40:44Z,25.5,41.0,0642184907900342,3.669
62211613,2022-06-01T14:41:47Z,25.5,41.0,0642184907900342,3.669
62211613,2022-06-01T14:42:49Z,25.5,41.0,0642184907900342,3.669
62211613,2022-06-01T14:43:21Z,25.5,41.0,0642184907900342,3.669
62211613,2022-06-01T14:44:23Z,25.5,41.0,0642184907900342,3.669
62211613,2022-06-01T14:45:26Z,25.5,41.0,0642184907900342,3.669
62211613,2022-06-01T14:46:28Z,25.5,41.0,0642184907900342,3.669
62211613,2022-06-01T14:47:31Z,25.5,41.0,0642184907900342,3.669
62211613,2022-06-01T14:48:34Z,25.5,41.0,0642184907900342,3.669
62211613,2022-06-01T14:49:05Z,25.5,41.0,0642184907900342,3.669
62211613,2022-06-01T14:50:08Z,25.5,41.0,0642184907900342,3.669
62211613,2022-06-01T14:51:10Z,25.5,41.0,0642184907900342,3.669
62211613,2022-06-01T14:52:13Z,25.5,41.0,0642184907900342,3.669
62211613,2022-06-01T14:53:16Z,25.5,41.0,0642184907900342,3.669
62211613,2022-06-01T14:54:18Z,25.5,41.0,0642184907900342,3.669
62211613,2022-06-01T14:54:49Z,25.5,41.0,0642184907900342,3.669
62211613,2022-06-01T14:55:52Z,25.5,41.0,0642184907900342,3.669
62211613,2022-06-01T14:56:55Z,25.5,41.0,0642184907900342,3.669
62211613,2022-06-01T14:57:57Z,25.5,41.0,0642184907900342,3.669
62211613,2022-06-01T14:59:00Z,25.5,41.0,0642184907900342,3.669
62211613,2022-06-01T15:00:03Z,25.5,41.0,0642184907900342,3.669
62211613,2022-06-01T15:00:34Z,25.5,41.0,0642184907900342,3.669
62211613,2022-06-01T15:01:37Z,25.5,41.0,0642184907900342,3.669
62211613,2022-06-01T15:02:39Z,25.5,41.0,0642184907900342,3.669
62211613,2022-06-01T15:03:42Z,25.5,41.0,0642184907900342,3.669
62211613,2022-06-01T15:04:44Z,25.5,41.0,0642184907900342,3.669
62211613,2022-06-01T15:05:47Z,25.5,41.0,0642184907900342,3.669
62211613,2022-06-01T15:06:18Z,25.5,41.0,0642184907900342,3.669
62211613,2022-06-01T15:07:21Z,25.5,41.0,0642184907900342,3.669
62211613,2022-06-01T15:08:24Z,25.5,41.0,0642184907900342,3.669
62211613,2022-06-01T15:09:26Z,25.5,41.0,0642184907900342,3.669
62211613,2022-06-01T15:10:29Z,25.5,41.0,0642184907900342,3.669
62211613,2022-06-01T15:12:03Z,25.5,41.0,0642184907900342,3.669
62211613,2022-06-01T15:13:06Z,25.5,41.0,0642184907900342,3.669
62211613,2022-06-01T15:14:08Z,25.5,41.0,0642184907900342,3.669
62211613,2022-06-01T15:15:11Z,25.5,41.0,0642184907900342,3.669
62211613,2022-06-01T15:16:13Z,25.5,41.0,0642184907900342,3.669
62211613,2022-06-01T15:17:16Z,25.5,41.0,0642184907900342,3.669
62211613,2022-06-01T15:17:47Z,25.4,41.0,0642184907900342,3.669
62211613,2022-06-01T15:18:50Z,25.4,41.0,0642184907900342,3.669
62211613,2022-06-01T15:19:53Z,25.4,41.0,0642184907900342,3.669
62211613,2022-06-01T15:20:55Z,25.4,41.0,0642184907900342,3.669
62211613,2022-06-01T15:21:58Z,25.4,41.0,0642184907900342,3.669
62211613,2022-06-01T15:23:01Z,25.4,41.0,0642184907900342,3.669
62211613,2022-06-01T15:23:32Z,25.4,41.0,0642184907900342,3.669
62211613,2022-06-01T15:24:35Z,25.4,41.0,0642184907900342,3.669
62211613,2022-06-01T15:25:37Z,25.4,41.0,0642184907900342,3.669
62211613,2022-06-01T15:26:40Z,25.4,41.0,0642184907900342,3.669
62211613,2022-06-01T15:27:42Z,25.3,41.0,0642184907900342,3.669
62211613,2022-06-01T15:28:45Z,25.3,41.0,0642184907900342,3.669
62211613,2022-06-01T15:29:16Z,25.3,41.0,0642184907900342,3.669
62211613,2022-06-01T15:30:19Z,25.3,41.0,0642184907900342,3.669
62211613,2022-06-01T15:31:22Z,25.3,41.0,0642184907900342,3.669
62211613,2022-06-01T15:32:24Z,25.3,41.0,0642184907900342,3.669
62211613,2022-06-01T15:33:27Z,25.3,41.0,0642184907900342,3.669
62211613,2022-06-01T15:34:30Z,25.3,41.0,0642184907900342,3.669
62211613,2022-06-01T15:35:01Z,25.3,41.0,0642184907900342,3.669
62211613,2022-06-01T15:36:04Z,25.3,41.0,0642184907900342,3.669
62211613,2022-06-01T15:37:06Z,25.2,41.0,0642184907900342,3.669
62211613,2022-06-01T15:38:09Z,25.2,41.0,0642184907900342,3.669
62211613,2022-06-01T15:39:11Z,25.2,41.0,0642184907900342,3.669
62211613,2022-06-01T15:40:14Z,25.2,41.0,0642184907900342,3.669
62211613,2022-06-01T15:41:17Z,25.2,41.0,0642184907900342,3.669
62211613,2022-06-01T15:41:48Z,25.2,41.0,0642184907900342,3.669
62211613,2022-06-01T15:42:51Z,25.2,41.0,0642184907900342,3.669
62211613,2022-06-01T15:43:53Z,25.2,41.0,0642184907900342,3.669
62211613,2022-06-01T15:44:56Z,25.2,41.0,0642184907900342,3.669
62211613,2022-06-01T15:45:59Z,25.2,41.0,0642184907900342,3.669
62211613,2022-06-01T15:46:30Z,25.1,41.0,0642184907900342,3.669
62211613,2022-06-01T15:47:32Z,25.1,41.0,0642184907900342,3.669
62211613,2022-06-01T15:48:35Z,25.1,41.0,0642184907900342,3.669
62211613,2022-06-01T15:49:38Z,25.1,41.0,0642184907900342,3.669
62211613,2022-06-01T15:50:40Z,25.1,41.0,0642184907900342,3.669
62211613,2022-06-01T15:51:43Z,25.1,41.0,0642184907900342,3.669
62211613,2022-06-01T15:52:46Z,25.1,41.0,0642184907900342,3.669
62211613,2022-06-01T15:53:17Z,25.1,41.0,0642184907900342,3.669
62211613,2022-06-01T15:54:20Z,25.1,41.0,0642184907900342,3.669
62211613,2022-06-01T15:55:22Z,25.1,41.0,0642184907900342,3.669
62211613,2022-06-01T15:56:25Z,25.1,41.0,0642184907900342,3.669
62211613,2022-06-01T15:57:28Z,25.1,41.0,0642184907900342,3.669
62211613,2022-06-01T15:58:30Z,25.0,41.0,0642184907900342,3.669
62211613,2022-06-01T15:59:01Z,25.0,41.0,0642184907900342,3.669
62211613,2022-06-01T16:00:04Z,25.0,41.0,0642184907900342,3.669
62211613,2022-06-01T16:01:07Z,25.0,41.0,0642184907900342,3.669
62211613,2022-06-01T16:02:09Z,25.0,41.0,0642184907900342,3.669
62211613,2022-06-01T16:03:12Z,25.0,41.0,0642184907900342,3.669
62211613,2022-06-01T16:04:15Z,25.0,41.0,0642184907900342,3.669
62211613,2022-06-01T16:04:46Z,25.0,41.0,0642184907900342,3.669
62211613,2022-06-01T16:05:49Z,25.0,41.0,0642184907900342,3.669
62211613,2022-06-01T16:06:51Z,25.0,41.0,0642184907900342,3.669
62211613,2022-06-01T16:07:54Z,25.0,41.0,0642184907900342,3.669
62211613,2022-06-01T16:08:56Z,25.0,41.0,0642184907900342,3.669
62211613,2022-06-01T16:09:59Z,25.0,41.0,0642184907900342,3.669
62211613,2022-06-01T16:10:30Z,25.0,41.0,0642184907900342,3.669
62211613,2022-06-01T16:11:33Z,25.0,41.0,0642184907900342,3.669
62211613,2022-06-01T16:12:36Z,25.0,41.0,0642184907900342,3.669
62211613,2022-06-01T16:13:38Z,24.9,41.0,0642184907900342,3.669
62211613,2022-06-01T16:14:41Z,24.9,41.0,0642184907900342,3.669
62211613,2022-06-01T16:16:46Z,24.9,41.0,0642184907900342,3.669
62211613,2022-06-01T16:17:18Z,24.9,41.0,0642184907900342,3.669
62211613,2022-06-01T16:18:20Z,24.9,41.0,0642184907900342,3.669
62211613,2022-06-01T16:19:23Z,24.9,41.0,0642184907900342,3.669
62211613,2022-06-01T16:20:25Z,24.9,41.0,0642184907900342,3.669
62211613,2022-06-01T16:21:28Z,24.9,41.0,0642184907900342,3.669
62211613,2022-06-01T16:21:59Z,24.9,41.0,0642184907900342,3.669
62211613,2022-06-01T16:23:02Z,24.9,41.0,0642184907900342,3.669
62211613,2022-06-01T16:24:05Z,24.9,41.0,0642184907900342,3.669
62211613,2022-06-01T16:25:07Z,24.9,41.0,0642184907900342,3.669
62211613,2022-06-01T16:26:10Z,24.9,41.0,0642184907900342,3.669
62211613,2022-06-01T16:27:13Z,24.9,41.0,0642184907900342,3.669
62211613,2022-06-01T16:27:44Z,24.9,41.0,0642184907900342,3.669
62211613,2022-06-01T16:28:47Z,24.9,41.0,0642184907900342,3.669
62211613,2022-06-01T16:29:49Z,24.8,41.0,0642184907900342,3.669
62211613,2022-06-01T16:30:52Z,24.8,41.0,0642184907900342,3.669
62211613,2022-06-01T16:31:54Z,24.8,40.0,0642184907900342,3.669
62211613,2022-06-01T16:32:57Z,24.8,40.0,0642184907900342,3.669
62211613,2022-06-01T16:34:00Z,24.8,40.0,0642184907900342,3.669
62211613,2022-06-01T16:34:31Z,24.8,40.0,0642184907900342,3.669
62211613,2022-06-01T16:35:34Z,24.8,40.0,0642184907900342,3.669
62211613,2022-06-01T16:36:36Z,24.8,40.0,0642184907900342,3.669
62211613,2022-06-01T16:37:39Z,24.8,40.0,0642184907900342,3.669
62211613,2022-06-01T16:38:42Z,24.8,40.0,0642184907900342,3.669
62211613,2022-06-01T16:39:44Z,24.8,40.0,0642184907900342,3.669
62211613,2022-06-01T16:40:16Z,24.8,40.0,0642184907900342,3.669
62211613,2022-06-01T16:41:18Z,24.8,40.0,0642184907900342,3.669
62211613,2022-06-01T16:42:21Z,24.8,40.0,0642184907900342,3.669
62211613,2022-06-01T16:43:23Z,24.8,40.0,0642184907900342,3.669
62211613,2022-06-01T16:44:26Z,24.8,40.0,0642184907900342,3.669
62211613,2022-06-01T16:45:29Z,24.8,40.0,0642184907900342,3.669
62211613,2022-06-01T16:46:00Z,24.7,40.0,0642184907900342,3.669
62211613,2022-06-01T16:47:03Z,24.7,40.0,0642184907900342,3.669
62211613,2022-06-01T16:48:05Z,24.7,40.0,0642184907900342,3.669
62211613,2022-06-01T16:49:08Z,24.7,40.0,0642184907900342,3.669
62211613,2022-06-01T16:50:11Z,24.7,40.0,0642184907900342,3.669
62211613,2022-06-01T16:51:13Z,24.7,40.0,0642184907900342,3.669
62211613,2022-06-01T16:51:45Z,24.7,40.0,0642184907900342,3.669
62211613,2022-06-01T16:52:47Z,24.7,40.0,0642184907900342,3.669
62211613,2022-06-01T16:53:50Z,24.7,40.0,0642184907900342,3.669
62211613,2022-06-01T16:54:52Z,24.7,40.0,0642184907900342,3.669
62211613,2022-06-01T16:55:55Z,24.7,40.0,0642184907900342,3.669
62211613,2022-06-01T16:56:58Z,24.7,40.0,0642184907900342,3.669
62211613,2022-06-01T16:58:00Z,24.7,40.0,0642184907900342,3.669
62211613,2022-06-01T16:58:32Z,24.7,40.0,0642184907900342,3.669
62211613,2022-06-01T16:59:34Z,24.6,40.0,0642184907900342,3.669
62211613,2022-06-01T17:00:37Z,24.6,40.0,0642184907900342,3.669
62211613,2022-06-01T17:01:40Z,24.6,40.0,0642184907900342,3.669
62211613,2022-06-01T17:02:42Z,24.6,40.0,0642184907900342,3.669
62211613,2022-06-01T17:03:45Z,24.6,40.0,0642184907900342,3.669
62211613,2022-06-01T17:04:16Z,24.6,40.0,0642184907900342,3.669
62211613,2022-06-01T17:05:19Z,24.6,40.0,0642184907900342,3.669
62211613,2022-06-01T17:06:21Z,24.6,40.0,0642184907900342,3.669
62211613,2022-06-01T17:07:24Z,24.6,40.0,0642184907900342,3.669
62211613,2022-06-01T17:08:27Z,24.6,40.0,0642184907900342,3.669
62211613,2022-06-01T17:09:29Z,24.6,40.0,0642184907900342,3.669
62211613,2022-06-01T17:10:01Z,24.6,40.0,0642184907900342,3.669
62211613,2022-06-01T17:11:03Z,24.6,40.0,0642184907900342,3.669
62211613,2022-06-01T17:12:06Z,24.6,40.0,0642184907900342,3.669
62211613,2022-06-01T17:13:09Z,24.6,40.0,0642184907900342,3.669
62211613,2022-06-01T17:14:11Z,24.6,40.0,0642184907900342,3.669
62211613,2022-06-01T17:15:14Z,24.6,40.0,0642184907900342,3.669
62211613,2022-06-01T17:15:45Z,24.6,40.0,0642184907900342,3.669
62211613,2022-06-01T17:16:48Z,24.5,40.0,0642184907900342,3.669
62211613,2022-06-01T17:17:50Z,24.5,40.0,0642184907900342,3.669
62211613,2022-06-01T17:19:56Z,24.5,40.0,0642184907900342,3.669
62211613,2022-06-01T17:20:58Z,24.5,40.0,0642184907900342,3.669
62211613,2022-06-01T17:21:30Z,24.5,40.0,0642184907900342,3.669
62211613,2022-06-01T17:22:32Z,24.5,40.0,0642184907900342,3.669
62211613,2022-06-01T17:23:35Z,24.5,40.0,0642184907900342,3.669
62211613,2022-06-01T17:24:37Z,24.5,40.0,0642184907900342,3.669
62211613,2022-06-01T17:25:40Z,24.6,40.0,0642184907900342,3.669
62211613,2022-06-01T17:26:43Z,24.6,40.0,0642184907900342,3.669
62211613,2022-06-01T17:27:14Z,24.6,40.0,0642184907900342,3.669
62211613,2022-06-01T17:28:17Z,24.6,40.0,0642184907900342,3.669
62211613,2022-06-01T17:29:19Z,24.6,40.0,0642184907900342,3.669
62211613,2022-06-01T17:30:22Z,24.6,40.0,0642184907900342,3.669
62211613,2022-06-01T17:31:25Z,24.6,40.0,0642184907900342,3.669
62211613,2022-06-01T17:32:27Z,24.6,40.0,0642184907900342,3.669
62211613,2022-06-01T17:33:30Z,24.6,40.0,0642184907900342,3.669
62211613,2022-06-01T17:34:01Z,24.6,40.0,0642184907900342,3.669
62211613,2022-06-01T17:35:04Z,24.6,40.0,0642184907900342,3.669
62211613,2022-06-01T17:36:06Z,24.6,40.0,0642184907900342,3.669
62211613,2022-06-01T17:37:09Z,24.6,40.0,0642184907900342,3.669
62211613,2022-06-01T17:38:12Z,24.6,40.0,0642184907900342,3.669
62211613,2022-06-01T17:39:14Z,24.6,40.0,0642184907900342,3.669
62211613,2022-06-01T17:39:46Z,24.6,40.0,0642184907900342,3.669
62211613,2022-06-01T17:40:48Z,24.6,40.0,0642184907900342,3.669
62211613,2022-06-01T17:41:51Z,24.6,40.0,0642184907900342,3.669
62211613,2022-06-01T17:42:54Z,24.6,40.0,0642184907900342,3.669
62211613,2022-06-01T17:43:56Z,24.6,40.0,0642184907900342,3.669
62211613,2022-06-01T17:44:59Z,24.6,40.0,0642184907900342,3.669
62211613,2022-06-01T17:45:30Z,24.6,40.0,0642184907900342,3.669
62211613,2022-06-01T17:46:33Z,24.6,40.0,0642184907900342,3.669
62211613,2022-06-01T17:47:35Z,24.6,40.0,0642184907900342,3.669
62211613,2022-06-01T17:48:38Z,24.6,40.0,0642184907900342,3.669
62211613,2022-06-01T17:49:41Z,24.6,40.0,0642184907900342,3.669
62211613,2022-06-01T17:50:43Z,24.6,40.0,0642184907900342,3.669
62211613,2022-06-01T17:51:15Z,24.6,40.0,0642184907900342,3.669
62211613,2022-06-01T17:52:17Z,24.6,40.0,0642184907900342,3.669
62211613,2022-06-01T17:53:20Z,24.6,40.0,0642184907900342,3.669
62211613,2022-06-01T17:54:23Z,24.6,40.0,0642184907900342,3.669
62211613,2022-06-01T17:55:25Z,24.6,40.0,0642184907900342,3.669
62211613,2022-06-01T17:56:28Z,24.6,40.0,0642184907900342,3.669
62211613,2022-06-01T17:56:59Z,24.6,40.0,0642184907900342,3.669
62211613,2022-06-01T17:58:02Z,24.6,40.0,0642184907900342,3.669
62211613,2022-06-01T17:59:04Z,24.6,40.0,0642184907900342,3.669
62211613,2022-06-01T18:00:07Z,24.6,40.0,0642184907900342,3.669
62211613,2022-06-01T18:01:10Z,24.6,40.0,0642184907900342,3.669
62211613,2022-06-01T18:02:12Z,24.6,40.0,0642184907900342,3.669
62211613,2022-06-01T18:02:44Z,24.5,40.0,0642184907900342,3.669
62211613,2022-06-01T18:03:46Z,24.5,40.0,0642184907900342,3.669
62211613,2022-06-01T18:04:49Z,24.5,40.0,0642184907900342,3.669
62211613,2022-06-01T18:05:52Z,24.5,40.0,0642184907900342,3.669
62211613,2022-06-01T18:07:57Z,24.5,40.0,0642184907900342,3.669
62211613,2022-06-01T18:08:59Z,24.5,40.0,0642184907900342,3.669
62211613,2022-06-01T18:09:31Z,24.5,40.0,0642184907900342,3.669
62211613,2022-06-01T18:10:33Z,24.5,40.0,0642184907900342,3.669
62211613,2022-06-01T18:11:36Z,24.5,40.0,0642184907900342,3.669
62211613,2022-06-01T18:12:39Z,24.5,40.0,0642184907900342,3.669
62211613,2022-06-01T18:13:41Z,24.5,40.0,0642184907900342,3.669
62211613,2022-06-01T18:14:44Z,24.5,40.0,0642184907900342,3.669
62211613,2022-06-01T18:15:15Z,24.5,40.0,0642184907900342,3.669
62211613,2022-06-01T18:16:18Z,24.5,40.0,0642184907900342,3.669
62211613,2022-06-01T18:17:21Z,24.5,40.0,0642184907900342,3.669
62211613,2022-06-01T18:18:23Z,24.5,40.0,0642184907900342,3.669
62211613,2022-06-01T18:19:26Z,24.5,40.0,0642184907900342,3.669
62211613,2022-06-01T18:20:28Z,24.5,40.0,0642184907900342,3.669
62211613,2022-06-01T18:21:00Z,24.5,40.0,0642184907900342,3.669
62211613,2022-06-01T18:22:02Z,24.5,40.0,0642184907900342,3.669
62211613,2022-06-01T18:23:05Z,24.4,40.0,0642184907900342,3.669
62211613,2022-06-01T18:24:08Z,24.4,40.0,0642184907900342,3.669
62211613,2022-06-01T18:25:10Z,24.4,40.0,0642184907900342,3.669
62211613,2022-06-01T18:26:13Z,24.4,40.0,0642184907900342,3.669
62211613,2022-06-01T18:26:44Z,24.4,40.0,0642184907900342,3.669
62211613,2022-06-01T18:27:47Z,24.4,40.0,0642184907900342,3.669
62211613,2022-06-01T18:28:49Z,24.4,40.0,0642184907900342,3.669
62211613,2022-06-01T18:29:52Z,24.4,40.0,0642184907900342,3.669
62211613,2022-06-01T18:30:55Z,24.4,40.0,0642184907900342,3.669
62211613,2022-06-01T18:31:57Z,24.4,40.0,0642184907900342,3.669
62211613,2022-06-01T18:32:29Z,24.4,40.0,0642184907900342,3.669
62211613,2022-06-01T18:33:31Z,24.4,40.0,0642184907900342,3.669
62211613,2022-06-01T18:34:34Z,24.4,40.0,0642184907900342,3.669
62211613,2022-06-01T18:35:37Z,24.4,40.0,0642184907900342,3.669
62211613,2022-06-01T18:36:39Z,24.4,40.0,0642184907900342,3.669
62211613,2022-06-01T18:37:42Z,24.4,40.0,0642184907900342,3.669
62211613,2022-06-01T18:38:13Z,24.4,40.0,0642184907900342,3.669
62211613,2022-06-01T18:39:16Z,24.4,40.0,0642184907900342,3.669
62211613,2022-06-01T18:40:18Z,24.4,40.0,0642184907900342,3.669
62211613,2022-06-01T18:41:21Z,24.4,40.0,0642184907900342,3.669
62211613,2022-06-01T18:42:10Z,24.4,40.0,0642184907900342,3.669
62211613,2022-06-01T18:43:23Z,24.4,40.0,0642184907900342,3.669
62211613,2022-06-01T18:44:26Z,24.4,40.0,0642184907900342,3.669
62211613,2022-06-01T18:44:57Z,24.4,40.0,0642184907900342,3.669
62211613,2022-06-01T18:46:00Z,24.4,40.0,0642184907900342,3.669
62211613,2022-06-01T18:47:03Z,24.4,40.0,0642184907900342,3.669
62211613,2022-06-01T18:48:05Z,24.4,40.0,0642184907900342,3.669
62211613,2022-06-01T18:49:08Z,24.4,40.0,0642184907900342,3.669
62211613,2022-06-01T18:50:11Z,24.4,40.0,0642184907900342,3.669
62211613,2022-06-01T18:50:42Z,24.4,40.0,0642184907900342,3.669
62211613,2022-06-01T18:51:45Z,24.4,40.0,0642184907900342,3.669
62211613,2022-06-01T18:52:47Z,24.4,40.0,0642184907900342,3.669
62211613,2022-06-01T18:53:50Z,24.4,40.0,0642184907900342,3.669
62211613,2022-06-01T18:54:52Z,24.4,40.0,0642184907900342,3.669
62211613,2022-06-01T18:55:55Z,24.4,40.0,0642184907900342,3.669
62211613,2022-06-01T18:56:26Z,24.4,40.0,0642184907900342,3.669
62211613,2022-06-01T18:57:29Z,24.4,40.0,0642184907900342,3.669
62211613,2022-06-01T18:58:32Z,24.4,40.0,0642184907900342,3.669
62211613,2022-06-01T18:59:34Z,24.4,40.0,0642184907900342,3.669
62211613,2022-06-01T19:00:37Z,24.4,40.0,0642184907900342,3.669
62211613,2022-06-01T19:01:40Z,24.4,40.0,0642184907900342,3.669
62211613,2022-06-01T19:02:11Z,24.4,40.0,0642184907900342,3.669
62211613,2022-06-01T19:03:14Z,24.4,40.0,0642184907900342,3.669
62211613,2022-06-01T19:04:16Z,24.4,40.0,0642184907900342,3.669
62211613,2022-06-01T19:05:19Z,24.4,40.0,0642184907900342,3.669
62211613,2022-06-01T19:06:21Z,24.4,40.0,0642184907900342,3.669
62211613,2022-06-01T19:07:24Z,24.4,40.0,0642184907900342,3.669
62211613,2022-06-01T19:07:55Z,24.4,40.0,0642184907900342,3.669
62211613,2022-06-01T19:08:58Z,24.4,40.0,0642184907900342,3.669
62211613,2022-06-01T19:10:01Z,24.4,40.0,0642184907900342,3.669
62211613,2022-06-01T19:11:03Z,24.4,40.0,0642184907900342,3.669
62211613,2022-06-01T19:12:06Z,24.4,40.0,0642184907900342,3.669
62211613,2022-06-01T19:13:09Z,24.4,40.0,0642184907900342,3.669
62211613,2022-06-01T19:13:40Z,24.4,40.0,0642184907900342,3.669
62211613,2022-06-01T19:14:43Z,24.4,40.0,0642184907900342,3.669
62211613,2022-06-01T19:15:45Z,24.4,40.0,0642184907900342,3.669
62211613,2022-06-01T19:16:48Z,24.4,40.0,0642184907900342,3.669
62211613,2022-06-01T19:17:50Z,24.4,40.0,0642184907900342,3.669
62211613,2022-06-01T19:18:53Z,24.4,40.0,0642184907900342,3.669
62211613,2022-06-01T19:19:24Z,24.4,40.0,0642184907900342,3.669
62211613,2022-06-01T19:20:27Z,24.4,40.0,0642184907900342,3.669
62211613,2022-06-01T19:21:30Z,24.4,40.0,0642184907900342,3.669
62211613,2022-06-01T19:22:32Z,24.4,40.0,0642184907900342,3.669
62211613,2022-06-01T19:23:35Z,24.4,40.0,0642184907900342,3.669
62211613,2022-06-01T19:24:38Z,24.4,40.0,0642184907900342,3.669
62211613,2022-06-01T19:25:09Z,24.4,40.0,0642184907900342,3.669
62211613,2022-06-01T19:26:12Z,24.4,40.0,0642184907900342,3.669
62211613,2022-06-01T19:27:14Z,24.3,40.0,0642184907900342,3.669
62211613,2022-06-01T19:28:17Z,24.3,40.0,0642184907900342,3.669
62211613,2022-06-01T19:29:19Z,24.3,40.0,0642184907900342,3.669
62211613,2022-06-01T19:30:22Z,24.3,40.0,0642184907900342,3.669
62211613,2022-06-01T19:30:53Z,24.3,40.0,0642184907900342,3.669
62211613,2022-06-01T19:31:56Z,24.3,40.0,0642184907900342,3.669
62211613,2022-06-01T19:32:59Z,24.3,40.0,0642184907900342,3.669
62211613,2022-06-01T19:34:01Z,24.3,40.0,0642184907900342,3.669
62211613,2022-06-01T19:35:04Z,24.3,40.0,0642184907900342,3.669
62211613,2022-06-01T19:36:07Z,24.3,40.0,0642184907900342,3.669
62211613,2022-06-01T19:36:38Z,24.3,40.0,0642184907900342,3.669
62211613,2022-06-01T19:37:40Z,24.3,40.0,0642184907900342,3.669
62211613,2022-06-01T19:38:43Z,24.3,40.0,0642184907900342,3.669
62211613,2022-06-01T19:39:46Z,24.3,40.0,0642184907900342,3.669
62211613,2022-06-01T19:40:48Z,24.3,40.0,0642184907900342,3.669
62211613,2022-06-01T19:41:51Z,24.3,40.0,0642184907900342,3.669
62211613,2022-06-01T19:42:54Z,24.3,40.0,0642184907900342,3.669
62211613,2022-06-01T19:43:25Z,24.3,40.0,0642184907900342,3.669
62211613,2022-06-01T19:44:28Z,24.3,40.0,0642184907900342,3.669
62211613,2022-06-01T19:45:30Z,24.3,40.0,0642184907900342,3.669
62211613,2022-06-01T19:46:33Z,24.3,40.0,0642184907900342,3.669
62211613,2022-06-01T19:47:36Z,24.3,40.0,0642184907900342,3.669
62211613,2022-06-01T19:48:38Z,24.3,40.0,0642184907900342,3.669
62211613,2022-06-01T19:49:09Z,24.3,40.0,0642184907900342,3.669
62211613,2022-06-01T19:50:12Z,24.3,40.0,0642184907900342,3.669
62211613,2022-06-01T19:51:15Z,24.3,40.0,0642184907900342,3.669
62211613,2022-06-01T19:52:17Z,24.3,40.0,0642184907900342,3.669
62211613,2022-06-01T19:53:20Z,24.3,40.0,0642184907900342,3.669
62211613,2022-06-01T19:54:23Z,24.3,40.0,0642184907900342,3.669
62211613,2022-06-01T19:54:54Z,24.3,40.0,0642184907900342,3.669
62211613,2022-06-01T19:55:57Z,24.3,40.0,0642184907900342,3.669
62211613,2022-06-01T19:56:59Z,24.4,40.0,0642184907900342,3.669
62211613,2022-06-01T19:58:02Z,24.4,40.0,0642184907900342,3.669
62211613,2022-06-01T19:59:05Z,24.4,40.0,0642184907900342,3.669
62211613,2022-06-01T20:00:07Z,24.4,40.0,0642184907900342,3.669
62211613,2022-06-01T20:00:38Z,24.4,40.0,0642184907900342,3.669
62211613,2022-06-01T20:01:41Z,24.4,40.0,0642184907900342,3.669
62211613,2022-06-01T20:02:44Z,24.4,40.0,0642184907900342,3.669
62211613,2022-06-01T20:03:46Z,24.4,40.0,0642184907900342,3.669
62211613,2022-06-01T20:04:49Z,24.4,40.0,0642184907900342,3.669
62211613,2022-06-01T20:05:52Z,24.4,40.0,0642184907900342,3.669
62211613,2022-06-01T20:06:23Z,24.4,40.0,0642184907900342,3.669
62211613,2022-06-01T20:07:26Z,24.4,40.0,0642184907900342,3.669
62211613,2022-06-01T20:08:28Z,24.4,40.0,0642184907900342,3.669
62211613,2022-06-01T20:09:31Z,24.4,40.0,0642184907900342,3.669
62211613,2022-06-01T20:10:33Z,24.4,40.0,0642184907900342,3.669
62211613,2022-06-01T20:11:36Z,24.5,40.0,0642184907900342,3.669
62211613,2022-06-01T20:12:07Z,24.5,40.0,0642184907900342,3.669
62211613,2022-06-01T20:13:10Z,24.5,40.0,0642184907900342,3.669
62211613,2022-06-01T20:14:13Z,24.5,40.0,0642184907900342,3.669
62211613,2022-06-01T20:15:15Z,24.5,40.0,0642184907900342,3.669
62211613,2022-06-01T20:16:18Z,24.5,40.0,0642184907900342,3.669
62211613,2022-06-01T20:17:21Z,24.5,40.0,0642184907900342,3.669
62211613,2022-06-01T20:17:52Z,24.5,40.0,0642184907900342,3.669
62211613,2022-06-01T20:18:55Z,24.5,40.0,0642184907900342,3.669
62211613,2022-06-01T20:19:57Z,24.5,40.0,0642184907900342,3.669
62211613,2022-06-01T20:21:00Z,24.5,40.0,0642184907900342,3.669
62211613,2022-06-01T20:22:02Z,24.5,40.0,0642184907900342,3.669
62211613,2022-06-01T20:23:05Z,24.5,40.0,0642184907900342,3.669
62211613,2022-06-01T20:23:36Z,24.5,40.0,0642184907900342,3.669
62211613,2022-06-01T20:24:39Z,24.5,40.0,0642184907900342,3.669
62211613,2022-06-01T20:25:42Z,24.6,40.0,0642184907900342,3.669
62211613,2022-06-01T20:26:44Z,24.6,40.0,0642184907900342,3.669
62211613,2022-06-01T20:27:47Z,24.6,40.0,0642184907900342,3.669
62211613,2022-06-01T20:28:50Z,24.6,40.0,0642184907900342,3.669
62211613,2022-06-01T20:29:21Z,24.6,40.0,0642184907900342,3.669
62211613,2022-06-01T20:30:24Z,24.6,40.0,0642184907900342,3.669
62211613,2022-06-01T20:31:26Z,24.6,40.0,0642184907900342,3.669
62211613,2022-06-01T20:32:29Z,24.6,40.0,0642184907900342,3.669
62211613,2022-06-01T20:33:31Z,24.6,40.0,0642184907900342,3.669
62211613,2022-06-01T20:34:34Z,24.6,40.0,0642184907900342,3.669
62211613,2022-06-01T20:35:05Z,24.6,40.0,0642184907900342,3.669
62211613,2022-06-01T20:36:08Z,24.6,40.0,0642184907900342,3.669
62211613,2022-06-01T20:37:11Z,24.6,40.0,0642184907900342,3.669
62211613,2022-06-01T20:38:13Z,24.6,40.0,0642184907900342,3.669
62211613,2022-06-01T20:39:16Z,24.6,40.0,0642184907900342,3.669
62211613,2022-06-01T20:40:19Z,24.6,40.0,0642184907900342,3.669
62211613,2022-06-01T20:40:50Z,24.6,40.0,0642184907900342,3.669
62211613,2022-06-01T20:41:52Z,24.7,40.0,0642184907900342,3.669
62211613,2022-06-01T20:42:55Z,24.7,40.0,0642184907900342,3.669
62211613,2022-06-01T20:43:58Z,24.7,40.0,0642184907900342,3.669
62211613,2022-06-01T20:45:00Z,24.7,40.0,0642184907900342,3.669
62211613,2022-06-01T20:46:03Z,24.7,40.0,0642184907900342,3.669
62211613,2022-06-01T20:46:34Z,24.7,40.0,0642184907900342,3.669
62211613,2022-06-01T20:47:37Z,24.7,40.0,0642184907900342,3.669
62211613,2022-06-01T20:48:40Z,24.7,40.0,0642184907900342,3.669
62211613,2022-06-01T20:49:42Z,24.7,40.0,0642184907900342,3.669
62211613,2022-06-01T20:50:45Z,24.7,40.0,0642184907900342,3.669
62211613,2022-06-01T20:51:47Z,24.7,40.0,0642184907900342,3.669
62211613,2022-06-01T20:52:19Z,24.7,40.0,0642184907900342,3.669
62211613,2022-06-01T20:53:21Z,24.7,40.0,0642184907900342,3.669
62211613,2022-06-01T20:54:24Z,24.7,40.0,0642184907900342,3.669
62211613,2022-06-01T20:55:27Z,24.7,40.0,0642184907900342,3.669
62211613,2022-06-01T20:56:29Z,24.8,40.0,0642184907900342,3.669
62211613,2022-06-01T20:57:32Z,24.8,40.0,0642184907900342,3.669
62211613,2022-06-01T20:58:03Z,24.8,40.0,0642184907900342,3.669
62211613,2022-06-01T20:59:06Z,24.8,40.0,0642184907900342,3.669
62211613,2022-06-01T21:00:09Z,24.8,40.0,0642184907900342,3.669
62211613,2022-06-01T21:01:11Z,24.8,40.0,0642184907900342,3.669
62211613,2022-06-01T21:02:14Z,24.8,40.0,0642184907900342,3.669
62211613,2022-06-01T21:03:16Z,24.8,40.0,0642184907900342,3.669
62211613,2022-06-01T21:03:48Z,24.8,40.0,0642184907900342,3.669
62211613,2022-06-01T21:04:50Z,24.8,40.0,0642184907900342,3.669
62211613,2022-06-01T21:05:53Z,24.8,40.0,0642184907900342,3.669
62211613,2022-06-01T21:06:56Z,24.8,40.0,0642184907900342,3.669
62211613,2022-06-01T21:07:58Z,24.8,40.0,0642184907900342,3.669
62211613,2022-06-01T21:09:01Z,24.8,40.0,0642184907900342,3.669
62211613,2022-06-01T21:09:32Z,24.8,40.0,0642184907900342,3.669
62211613,2022-06-01T21:10:35Z,24.8,40.0,0642184907900342,3.669
62211613,2022-06-01T21:11:38Z,24.8,40.0,0642184907900342,3.669
62211613,2022-06-01T21:12:40Z,24.8,40.0,0642184907900342,3.669
62211613,2022-06-01T21:13:43Z,24.8,40.0,0642184907900342,3.669
62211613,2022-06-01T21:14:45Z,24.8,40.0,0642184907900342,3.669
62211613,2022-06-01T21:15:17Z,24.9,40.0,0642184907900342,3.669
62211613,2022-06-01T21:16:19Z,24.9,40.0,0642184907900342,3.669
62211613,2022-06-01T21:17:22Z,24.9,40.0,0642184907900342,3.669
62211613,2022-06-01T21:18:25Z,24.9,40.0,0642184907900342,3.669
62211613,2022-06-01T21:19:27Z,24.9,40.0,0642184907900342,3.669
62211613,2022-06-01T21:20:30Z,24.9,40.0,0642184907900342,3.669
62211613,2022-06-01T21:21:33Z,24.9,40.0,0642184907900342,3.669
62211613,2022-06-01T21:22:04Z,24.9,40.0,0642184907900342,3.669
62211613,2022-06-01T21:23:07Z,24.9,40.0,0642184907900342,3.669
62211613,2022-06-01T21:24:09Z,24.9,40.0,0642184907900342,3.669
62211613,2022-06-01T21:25:12Z,24.9,40.0,0642184907900342,3.669
62211613,2022-06-01T21:26:14Z,24.9,40.0,0642184907900342,3.669
62211613,2022-06-01T21:27:17Z,24.9,40.0,0642184907900342,3.669
62211613,2022-06-01T21:27:48Z,24.9,40.0,0642184907900342,3.669
62211613,2022-06-01T21:28:51Z,24.9,40.0,0642184907900342,3.669
62211613,2022-06-01T21:29:54Z,24.9,40.0,0642184907900342,3.669
62211613,2022-06-01T21:30:56Z,24.9,40.0,0642184907900342,3.669
62211613,2022-06-01T21:31:59Z,24.9,40.0,0642184907900342,3.669
62211613,2022-06-01T21:33:02Z,24.9,40.0,0642184907900342,3.669
62211613,2022-06-01T21:33:33Z,24.9,40.0,0642184907900342,3.669
62211613,2022-06-01T21:34:36Z,24.9,40.0,0642184907900342,3.669
62211613,2022-06-01T21:35:38Z,25.0,40.0,0642184907900342,3.669
62211613,2022-06-01T21:36:41Z,25.0,40.0,0642184907900342,3.669
62211613,2022-06-01T21:37:43Z,25.0,40.0,0642184907900342,3.669
62211613,2022-06-01T21:38:46Z,25.0,40.0,0642184907900342,3.669
62211613,2022-06-01T21:39:17Z,25.0,40.0,0642184907900342,3.669
62211613,2022-06-01T21:40:20Z,25.0,40.0,0642184907900342,3.669
62211613,2022-06-01T21:41:23Z,25.0,40.0,0642184907900342,3.669
62211613,2022-06-01T21:42:25Z,25.0,40.0,0642184907900342,3.669
62211613,2022-06-01T21:43:28Z,25.0,40.0,0642184907900342,3.669
62211613,2022-06-01T21:44:31Z,25.0,40.0,0642184907900342,3.669
62211613,2022-06-01T21:45:02Z,25.0,40.0,0642184907900342,3.669
62211613,2022-06-01T21:46:04Z,25.0,40.0,0642184907900342,3.669
62211613,2022-06-01T21:47:07Z,25.0,40.0,0642184907900342,3.669
62211613,2022-06-01T21:48:10Z,25.0,40.0,0642184907900342,3.669
62211613,2022-06-01T21:49:12Z,25.0,40.0,0642184907900342,3.669
62211613,2022-06-01T21:50:15Z,25.0,40.0,0642184907900342,3.669
62211613,2022-06-01T21:50:46Z,25.0,40.0,0642184907900342,3.669
62211613,2022-06-01T21:51:49Z,25.0,40.0,0642184907900342,3.669
62211613,2022-06-01T21:52:52Z,25.0,40.0,0642184907900342,3.669
62211613,2022-06-01T21:53:54Z,25.0,40.0,0642184907900342,3.669
62211613,2022-06-01T21:54:57Z,25.0,40.0,0642184907900342,3.669
62211613,2022-06-01T21:56:00Z,25.0,40.0,0642184907900342,3.669
62211613,2022-06-01T21:56:31Z,25.1,40.0,0642184907900342,3.669
62211613,2022-06-01T21:57:33Z,25.1,40.0,0642184907900342,3.669
62211613,2022-06-01T21:58:36Z,25.1,40.0,0642184907900342,3.669
62211613,2022-06-01T21:59:39Z,25.1,40.0,0642184907900342,3.669
62211613,2022-06-01T22:00:41Z,25.1,40.0,0642184907900342,3.669
62211613,2022-06-01T22:01:44Z,25.1,40.0,0642184907900342,3.669
62211613,2022-06-01T22:02:15Z,25.1,40.0,0642184907900342,3.669
62211613,2022-06-01T22:03:18Z,25.1,40.0,0642184907900342,3.669
62211613,2022-06-01T22:04:21Z,25.1,40.0,0642184907900342,3.669
62211613,2022-06-01T22:05:23Z,25.1,40.0,0642184907900342,3.669
62211613,2022-06-01T22:06:26Z,25.1,40.0,0642184907900342,3.669
62211613,2022-06-01T22:07:28Z,25.1,40.0,0642184907900342,3.669
62211613,2022-06-01T22:08:00Z,25.1,40.0,0642184907900342,3.669
62211613,2022-06-01T22:09:02Z,25.1,40.0,0642184907900342,3.669
62211613,2022-06-01T22:10:05Z,25.1,40.0,0642184907900342,3.669
62211613,2022-06-01T22:11:08Z,25.1,40.0,0642184907900342,3.669
62211613,2022-06-01T22:12:10Z,25.1,40.0,0642184907900342,3.669
62211613,2022-06-01T22:13:13Z,25.1,40.0,0642184907900342,3.669
62211613,2022-06-01T22:13:44Z,25.1,40.0,0642184907900342,3.669
62211613,2022-06-01T22:14:47Z,25.1,40.0,0642184907900342,3.669
62211613,2022-06-01T22:15:50Z,25.1,40.0,0642184907900342,3.669
62211613,2022-06-01T22:16:52Z,25.1,40.0,0642184907900342,3.669
62211613,2022-06-01T22:17:55Z,25.2,40.0,0642184907900342,3.669
62211613,2022-06-01T22:18:57Z,25.2,40.0,0642184907900342,3.669
62211613,2022-06-01T22:19:29Z,25.2,40.0,0642184907900342,3.669
62211613,2022-06-01T22:20:31Z,25.2,40.0,0642184907900342,3.669
62211613,2022-06-01T22:21:34Z,25.2,40.0,0642184907900342,3.669
62211613,2022-06-01T22:22:37Z,25.2,40.0,0642184907900342,3.669
62211613,2022-06-01T22:23:39Z,25.2,40.0,0642184907900342,3.669
62211613,2022-06-01T22:24:42Z,25.2,40.0,0642184907900342,3.669
62211613,2022-06-01T22:25:45Z,25.2,40.0,0642184907900342,3.669
62211613,2022-06-01T22:26:16Z,25.2,40.0,0642184907900342,3.669
62211613,2022-06-01T22:27:18Z,25.2,40.0,0642184907900342,3.669
62211613,2022-06-01T22:28:21Z,25.2,40.0,0642184907900342,3.669
62211613,2022-06-01T22:29:24Z,25.2,40.0,0642184907900342,3.669
62211613,2022-06-01T22:30:26Z,25.2,40.0,0642184907900342,3.669
62211613,2022-06-01T22:31:29Z,25.2,40.0,0642184907900342,3.669
62211613,2022-06-01T22:32:00Z,25.2,40.0,0642184907900342,3.669
62211613,2022-06-01T22:33:03Z,25.2,40.0,0642184907900342,3.669
62211613,2022-06-01T22:34:06Z,25.2,40.0,0642184907900342,3.669
62211613,2022-06-01T22:35:08Z,25.2,40.0,0642184907900342,3.669
62211613,2022-06-01T22:36:11Z,25.2,40.0,0642184907900342,3.669
62211613,2022-06-01T22:37:14Z,25.2,40.0,0642184907900342,3.669
62211613,2022-06-01T22:37:45Z,25.2,40.0,0642184907900342,3.669
62211613,2022-06-01T22:38:47Z,25.2,40.0,0642184907900342,3.669
62211613,2022-06-01T22:39:50Z,25.2,40.0,0642184907900342,3.669
62211613,2022-06-01T22:40:53Z,25.2,40.0,0642184907900342,3.669
62211613,2022-06-01T22:41:55Z,25.2,40.0,0642184907900342,3.669
62211613,2022-06-01T22:42:58Z,25.3,40.0,0642184907900342,3.669
62211613,2022-06-01T22:43:29Z,25.3,40.0,0642184907900342,3.669
62211613,2022-06-01T22:44:32Z,25.3,40.0,0642184907900342,3.669
62211613,2022-06-01T22:45:35Z,25.3,40.0,0642184907900342,3.669
62211613,2022-06-01T22:46:37Z,25.3,40.0,0642184907900342,3.669
62211613,2022-06-01T22:47:40Z,25.3,40.0,0642184907900342,3.669
62211613,2022-06-01T22:48:43Z,25.3,40.0,0642184907900342,3.669
62211613,2022-06-01T22:49:14Z,25.3,40.0,0642184907900342,3.669
62211613,2022-06-01T22:50:16Z,25.3,40.0,0642184907900342,3.669
62211613,2022-06-01T22:51:19Z,25.3,40.0,0642184907900342,3.669
62211613,2022-06-01T22:52:22Z,25.3,40.0,0642184907900342,3.669
62211613,2022-06-01T22:53:24Z,25.3,40.0,0642184907900342,3.669
62211613,2022-06-01T22:54:27Z,25.3,40.0,0642184907900342,3.669
62211613,2022-06-01T22:54:58Z,25.3,40.0,0642184907900342,3.669
62211613,2022-06-01T22:56:01Z,25.3,40.0,0642184907900342,3.669
62211613,2022-06-01T22:57:04Z,25.3,40.0,0642184907900342,3.669
62211613,2022-06-01T22:58:06Z,25.3,40.0,0642184907900342,3.669
62211613,2022-06-01T22:59:09Z,25.3,40.0,0642184907900342,3.669
62211613,2022-06-01T23:00:11Z,25.3,40.0,0642184907900342,3.669
62211613,2022-06-01T23:00:43Z,25.3,40.0,0642184907900342,3.669
62211613,2022-06-01T23:01:45Z,25.3,40.0,0642184907900342,3.669
62211613,2022-06-01T23:02:48Z,25.3,40.0,0642184907900342,3.669
62211613,2022-06-01T23:03:51Z,25.3,40.0,0642184907900342,3.669
62211613,2022-06-01T23:04:53Z,25.3,40.0,0642184907900342,3.669
62211613,2022-06-01T23:05:56Z,25.3,40.0,0642184907900342,3.669
62211613,2022-06-01T23:06:27Z,25.3,40.0,0642184907900342,3.669
62211613,2022-06-01T23:07:30Z,25.3,40.0,0642184907900342,3.669
62211613,2022-06-01T23:08:33Z,25.4,40.0,0642184907900342,3.669
62211613,2022-06-01T23:09:35Z,25.4,40.0,0642184907900342,3.669
62211613,2022-06-01T23:10:38Z,25.4,40.0,0642184907900342,3.669
62211613,2022-06-01T23:11:40Z,25.4,40.0,0642184907900342,3.669
62211613,2022-06-01T23:12:12Z,25.4,40.0,0642184907900342,3.669
62211613,2022-06-01T23:13:14Z,25.4,40.0,0642184907900342,3.669
62211613,2022-06-01T23:14:17Z,25.4,40.0,0642184907900342,3.669
62211613,2022-06-01T23:15:20Z,25.4,40.0,0642184907900342,3.669
62211613,2022-06-01T23:16:22Z,25.4,40.0,0642184907900342,3.669
62211613,2022-06-01T23:17:25Z,25.4,40.0,0642184907900342,3.669
62211613,2022-06-01T23:18:28Z,25.4,40.0,0642184907900342,3.669
62211613,2022-06-01T23:18:59Z,25.4,40.0,0642184907900342,3.669
62211613,2022-06-01T23:20:02Z,25.4,40.0,0642184907900342,3.669
62211613,2022-06-01T23:21:04Z,25.4,40.0,0642184907900342,3.669
62211613,2022-06-01T23:22:07Z,25.4,40.0,0642184907900342,3.669
62211613,2022-06-01T23:23:09Z,25.4,40.0,0642184907900342,3.669
62211613,2022-06-01T23:24:12Z,25.4,40.0,0642184907900342,3.669
62211613,2022-06-01T23:24:43Z,25.4,40.0,0642184907900342,3.669
62211613,2022-06-01T23:25:46Z,25.4,40.0,0642184907900342,3.669
62211613,2022-06-01T23:26:49Z,25.4,40.0,0642184907900342,3.669
62211613,2022-06-01T23:27:51Z,25.4,40.0,0642184907900342,3.669
62211613,2022-06-01T23:28:54Z,25.4,40.0,0642184907900342,3.669
62211613,2022-06-01T23:30:28Z,25.4,40.0,0642184907900342,3.669
62211613,2022-06-01T23:31:31Z,25.5,40.0,0642184907900342,3.669
62211613,2022-06-01T23:32:33Z,25.5,40.0,0642184907900342,3.669
62211613,2022-06-01T23:33:36Z,25.5,40.0,0642184907900342,3.669
62211613,2022-06-01T23:34:38Z,25.5,40.0,0642184907900342,3.669
62211613,2022-06-01T23:36:12Z,25.5,40.0,0642184907900342,3.669
62211613,2022-06-01T23:37:15Z,25.5,40.0,0642184907900342,3.669
62211613,2022-06-01T23:38:18Z,25.5,40.0,0642184907900342,3.669
62211613,2022-06-01T23:39:20Z,25.5,40.0,0642184907900342,3.669
62211613,2022-06-01T23:40:23Z,25.5,40.0,0642184907900342,3.669
62211613,2022-06-01T23:41:26Z,25.5,40.0,0642184907900342,3.669
62211613,2022-06-01T23:41:57Z,25.5,40.0,0642184907900342,3.669
62211613,2022-06-01T23:43:00Z,25.5,40.0,0642184907900342,3.669
62211613,2022-06-01T23:44:02Z,25.5,40.0,0642184907900342,3.669
62211613,2022-06-01T23:45:05Z,25.5,40.0,0642184907900342,3.669
62211613,2022-06-01T23:46:07Z,25.5,40.0,0642184907900342,3.669
62211613,2022-06-01T23:47:10Z,25.5,40.0,0642184907900342,3.669
62211613,2022-06-01T23:48:13Z,25.5,40.0,0642184907900342,3.669
62211613,2022-06-01T23:48:44Z,25.5,40.0,0642184907900342,3.669
62211613,2022-06-01T23:49:47Z,25.5,40.0,0642184907900342,3.669
62211613,2022-06-01T23:50:49Z,25.5,40.0,0642184907900342,3.669
62211613,2022-06-01T23:51:52Z,25.5,40.0,0642184907900342,3.669
62211613,2022-06-01T23:52:54Z,25.5,40.0,0642184907900342,3.669
62211613,2022-06-01T23:53:57Z,25.5,40.0,0642184907900342,3.669
62211613,2022-06-01T23:54:28Z,25.5,40.0,0642184907900342,3.669
62211613,2022-06-01T23:55:31Z,25.5,40.0,0642184907900342,3.669
62211613,2022-06-01T23:56:34Z,25.5,40.0,0642184907900342,3.669
62211613,2022-06-01T23:57:36Z,25.5,40.0,0642184907900342,3.669
62211613,2022-06-01T23:58:39Z,25.5,40.0,0642184907900342,3.669
62211613,2022-06-01T23:59:42Z,25.5,40.0,0642184907900342,3.669
62211613,2022-06-02T00:00:13Z,25.5,40.0,0642184907900342,3.669
62211613,2022-06-02T00:01:16Z,25.5,40.0,0642184907900342,3.669
62211613,2022-06-02T00:02:18Z,25.5,40.0,0642184907900342,3.669
62211613,2022-06-02T00:03:21Z,25.5,40.0,0642184907900342,3.669
62211613,2022-06-02T00:04:23Z,25.6,40.0,0642184907900342,3.669
62211613,2022-06-02T00:05:26Z,25.5,40.0,0642184907900342,3.669
62211613,2022-06-02T00:05:57Z,25.6,40.0,0642184907900342,3.669
62211613,2022-06-02T00:07:00Z,25.6,40.0,0642184907900342,3.669
62211613,2022-06-02T00:08:03Z,25.6,40.0,0642184907900342,3.669
62211613,2022-06-02T00:09:05Z,25.6,40.0,0642184907900342,3.669
62211613,2022-06-02T00:10:08Z,25.6,40.0,0642184907900342,3.669
62211613,2022-06-02T00:11:11Z,25.6,40.0,0642184907900342,3.669
62211613,2022-06-02T00:11:42Z,25.6,40.0,0642184907900342,3.669
62211613,2022-06-02T00:12:45Z,25.6,40.0,0642184907900342,3.669
62211613,2022-06-02T00:13:47Z,25.6,40.0,0642184907900342,3.669
62211613,2022-06-02T00:14:50Z,25.6,40.0,0642184907900342,3.669
62211613,2022-06-02T00:15:52Z,25.6,40.0,0642184907900342,3.669
62211613,2022-06-02T00:16:55Z,25.6,40.0,0642184907900342,3.669
62211613,2022-06-02T00:17:26Z,25.6,40.0,0642184907900342,3.669
62211613,2022-06-02T00:18:29Z,25.6,40.0,0642184907900342,3.669
62211613,2022-06-02T00:20:34Z,25.6,40.0,0642184907900342,3.669
62211613,2022-06-02T00:21:37Z,25.6,40.0,0642184907900342,3.669
62211613,2022-06-02T00:22:40Z,25.6,40.0,0642184907900342,3.669
62211613,2022-06-02T00:23:11Z,25.6,40.0,0642184907900342,3.669
62211613,2022-06-02T00:24:14Z,25.6,40.0,0642184907900342,3.669
62211613,2022-06-02T00:25:16Z,25.6,40.0,0642184907900342,3.669
62211613,2022-06-02T00:26:19Z,25.6,40.0,0642184907900342,3.669
62211613,2022-06-02T00:28:24Z,25.6,40.0,0642184907900342,3.669
62211613,2022-06-02T00:29:27Z,25.6,40.0,0642184907900342,3.669
62211613,2022-06-02T00:29:58Z,25.6,40.0,0642184907900342,3.669
62211613,2022-06-02T00:31:01Z,25.6,40.0,0642184907900342,3.669
62211613,2022-06-02T00:32:03Z,25.6,40.0,0642184907900342,3.669
62211613,2022-06-02T00:33:06Z,25.6,40.0,0642184907900342,3.669
62211613,2022-06-02T00:34:09Z,25.6,40.0,0642184907900342,3.669
62211613,2022-06-02T00:35:11Z,25.6,40.0,0642184907900342,3.669
62211613,2022-06-02T00:35:42Z,25.6,40.0,0642184907900342,3.669
62211613,2022-06-02T00:36:45Z,25.6,40.0,0642184907900342,3.669
62211613,2022-06-02T00:37:48Z,25.7,40.0,0642184907900342,3.669
62211613,2022-06-02T00:38:50Z,25.7,40.0,0642184907900342,3.669
62211613,2022-06-02T00:39:53Z,25.7,40.0,0642184907900342,3.669
62211613,2022-06-02T00:40:56Z,25.7,40.0,0642184907900342,3.669
62211613,2022-06-02T00:41:27Z,25.7,40.0,0642184907900342,3.669
62211613,2022-06-02T00:42:30Z,25.7,40.0,0642184907900342,3.669
62211613,2022-06-02T00:43:32Z,25.7,40.0,0642184907900342,3.669
62211613,2022-06-02T00:44:35Z,25.7,40.0,0642184907900342,3.669
62211613,2022-06-02T00:45:38Z,25.7,40.0,0642184907900342,3.669
62211613,2022-06-02T00:46:40Z,25.7,40.0,0642184907900342,3.669
62211613,2022-06-02T00:47:11Z,25.7,40.0,0642184907900342,3.669
62211613,2022-06-02T00:48:14Z,25.7,40.0,0642184907900342,3.669
62211613,2022-06-02T00:49:17Z,25.7,40.0,0642184907900342,3.669
62211613,2022-06-02T00:50:19Z,25.7,40.0,0642184907900342,3.669
62211613,2022-06-02T00:51:22Z,25.7,40.0,0642184907900342,3.669
62211613,2022-06-02T00:52:25Z,25.7,40.0,0642184907900342,3.669
62211613,2022-06-02T00:52:56Z,25.7,40.0,0642184907900342,3.669
62211613,2022-06-02T00:53:59Z,25.7,40.0,0642184907900342,3.669
62211613,2022-06-02T00:55:01Z,25.7,40.0,0642184907900342,3.669
62211613,2022-06-02T00:56:04Z,25.7,40.0,0642184907900342,3.669
62211613,2022-06-02T00:57:07Z,25.7,40.0,0642184907900342,3.669
62211613,2022-06-02T00:58:09Z,25.7,40.0,0642184907900342,3.669
62211613,2022-06-02T00:58:40Z,25.7,40.0,0642184907900342,3.669
62211613,2022-06-02T00:59:43Z,25.7,40.0,0642184907900342,3.669
62211613,2022-06-02T01:00:46Z,25.7,40.0,0642184907900342,3.669
62211613,2022-06-02T01:01:48Z,25.7,40.0,0642184907900342,3.669
62211613,2022-06-02T01:02:51Z,25.7,40.0,0642184907900342,3.669
62211613,2022-06-02T01:03:54Z,25.7,40.0,0642184907900342,3.669
62211613,2022-06-02T01:04:25Z,25.7,40.0,0642184907900342,3.669
62211613,2022-06-02T01:05:28Z,25.7,40.0,0642184907900342,3.669
62211613,2022-06-02T01:06:30Z,25.7,40.0,0642184907900342,3.669
62211613,2022-06-02T01:07:33Z,25.7,40.0,0642184907900342,3.669
62211613,2022-06-02T01:08:35Z,25.7,40.0,0642184907900342,3.669
62211613,2022-06-02T01:09:38Z,25.7,40.0,0642184907900342,3.669
62211613,2022-06-02T01:10:09Z,25.7,40.0,0642184907900342,3.669
62211613,2022-06-02T01:11:12Z,25.7,40.0,0642184907900342,3.669
62211613,2022-06-02T01:12:15Z,25.7,40.0,0642184907900342,3.669
62211613,2022-06-02T01:13:17Z,25.7,40.0,0642184907900342,3.669
62211613,2022-06-02T01:14:20Z,25.8,40.0,0642184907900342,3.669
62211613,2022-06-02T01:15:23Z,25.8,40.0,0642184907900342,3.669
62211613,2022-06-02T01:16:25Z,25.8,40.0,0642184907900342,3.669
62211613,2022-06-02T01:16:57Z,25.8,40.0,0642184907900342,3.669
62211613,2022-06-02T01:17:59Z,25.8,40.0,0642184907900342,3.669
62211613,2022-06-02T01:19:02Z,25.8,40.0,0642184907900342,3.669
62211613,2022-06-02T01:20:04Z,25.8,40.0,0642184907900342,3.669
62211613,2022-06-02T01:21:07Z,25.8,40.0,0642184907900342,3.669
62211613,2022-06-02T01:22:10Z,25.8,40.0,0642184907900342,3.669
62211613,2022-06-02T01:22:41Z,25.8,40.0,0642184907900342,3.669
62211613,2022-06-02T01:23:44Z,25.8,40.0,0642184907900342,3.669
62211613,2022-06-02T01:24:46Z,25.8,40.0,0642184907900342,3.669
62211613,2022-06-02T01:26:52Z,25.8,40.0,0642184907900342,3.669
62211613,2022-06-02T01:27:54Z,25.8,40.0,0642184907900342,3.669
62211613,2022-06-02T01:28:25Z,25.8,40.0,0642184907900342,3.669
62211613,2022-06-02T01:29:28Z,25.8,40.0,0642184907900342,3.669
62211613,2022-06-02T01:30:31Z,25.8,40.0,0642184907900342,3.669
62211613,2022-06-02T01:31:33Z,25.8,40.0,0642184907900342,3.669
62211613,2022-06-02T01:32:36Z,25.8,40.0,0642184907900342,3.669
62211613,2022-06-02T01:33:39Z,25.8,40.0,0642184907900342,3.669
62211613,2022-06-02T01:34:10Z,25.8,40.0,0642184907900342,3.669
62211613,2022-06-02T01:35:13Z,25.8,40.0,0642184907900342,3.669
62211613,2022-06-02T01:36:15Z,25.8,40.0,0642184907900342,3.669
62211613,2022-06-02T01:37:18Z,25.8,40.0,0642184907900342,3.669
62211613,2022-06-02T01:38:21Z,25.8,40.0,0642184907900342,3.669
62211613,2022-06-02T01:39:23Z,25.8,40.0,0642184907900342,3.669
62211613,2022-06-02T01:39:54Z,25.8,40.0,0642184907900342,3.669
62211613,2022-06-02T01:40:57Z,25.8,40.0,0642184907900342,3.669
62211613,2022-06-02T01:42:00Z,25.8,40.0,0642184907900342,3.669
62211613,2022-06-02T01:43:02Z,25.8,40.0,0642184907900342,3.669
62211613,2022-06-02T01:44:05Z,25.8,40.0,0642184907900342,3.669
62211613,2022-06-02T01:45:08Z,25.8,40.0,0642184907900342,3.669
62211613,2022-06-02T01:46:10Z,25.8,40.0,0642184907900342,3.669
62211613,2022-06-02T01:46:42Z,25.8,40.0,0642184907900342,3.669
62211613,2022-06-02T01:47:44Z,25.8,40.0,0642184907900342,3.669
62211613,2022-06-02T01:48:47Z,25.8,40.0,0642184907900342,3.669
62211613,2022-06-02T01:49:50Z,25.8,40.0,0642184907900342,3.669
62211613,2022-06-02T01:50:52Z,25.8,40.0,0642184907900342,3.669
62211613,2022-06-02T01:51:55Z,25.8,40.0,0642184907900342,3.669
62211613,2022-06-02T01:52:26Z,25.9,40.0,0642184907900342,3.669
62211613,2022-06-02T01:53:29Z,25.9,40.0,0642184907900342,3.669
62211613,2022-06-02T01:54:31Z,25.9,40.0,0642184907900342,3.669
62211613,2022-06-02T01:55:34Z,25.9,40.0,0642184907900342,3.669
62211613,2022-06-02T01:56:37Z,25.9,40.0,0642184907900342,3.669
62211613,2022-06-02T01:57:39Z,25.9,40.0,0642184907900342,3.669
62211613,2022-06-02T01:58:11Z,25.9,40.0,0642184907900342,3.669
62211613,2022-06-02T01:59:13Z,25.9,40.0,0642184907900342,3.669
62211613,2022-06-02T02:00:16Z,25.9,40.0,0642184907900342,3.669
62211613,2022-06-02T02:01:18Z,25.9,40.0,0642184907900342,3.669
62211613,2022-06-02T02:02:21Z,25.9,40.0,0642184907900342,3.669
62211613,2022-06-02T02:03:24Z,25.9,40.0,0642184907900342,3.669
62211613,2022-06-02T02:03:55Z,25.9,40.0,0642184907900342,3.669
62211613,2022-06-02T02:04:58Z,25.9,40.0,0642184907900342,3.669
62211613,2022-06-02T02:06:00Z,25.9,40.0,0642184907900342,3.669
62211613,2022-06-02T02:07:03Z,25.9,40.0,0642184907900342,3.669
62211613,2022-06-02T02:08:06Z,25.9,40.0,0642184907900342,3.669
62211613,2022-06-02T02:09:08Z,25.9,40.0,0642184907900342,3.669
62211613,2022-06-02T02:09:40Z,25.9,40.0,0642184907900342,3.669
62211613,2022-06-02T02:10:42Z,25.9,40.0,0642184907900342,3.669
62211613,2022-06-02T02:11:45Z,25.9,40.0,0642184907900342,3.669
62211613,2022-06-02T02:12:47Z,25.9,40.0,0642184907900342,3.669
62211613,2022-06-02T02:13:50Z,25.9,40.0,0642184907900342,3.669
62211613,2022-06-02T02:14:53Z,25.9,40.0,0642184907900342,3.669
62211613,2022-06-02T02:15:55Z,25.9,40.0,0642184907900342,3.669
62211613,2022-06-02T02:16:27Z,25.9,40.0,0642184907900342,3.669
62211613,2022-06-02T02:17:29Z,25.9,40.0,0642184907900342,3.669
62211613,2022-06-02T02:19:35Z,25.9,40.0,0642184907900342,3.669
62211613,2022-06-02T02:20:37Z,25.9,40.0,0642184907900342,3.669
62211613,2022-06-02T02:21:40Z,25.9,40.0,0642184907900342,3.669
62211613,2022-06-02T02:22:11Z,25.9,40.0,0642184907900342,3.669
62211613,2022-06-02T02:23:14Z,25.9,40.0,0642184907900342,3.669
62211613,2022-06-02T02:24:16Z,25.9,40.0,0642184907900342,3.669
62211613,2022-06-02T02:25:19Z,25.9,40.0,0642184907900342,3.669
62211613,2022-06-02T02:26:22Z,25.9,40.0,0642184907900342,3.669
62211613,2022-06-02T02:27:24Z,25.9,40.0,0642184907900342,3.669
62211613,2022-06-02T02:27:56Z,25.9,40.0,0642184907900342,3.669
62211613,2022-06-02T02:28:58Z,25.9,40.0,0642184907900342,3.669
62211613,2022-06-02T02:30:01Z,25.9,40.0,0642184907900342,3.669
62211613,2022-06-02T02:31:04Z,25.9,40.0,0642184907900342,3.669
62211613,2022-06-02T02:32:06Z,25.9,40.0,0642184907900342,3.669
62211613,2022-06-02T02:33:09Z,25.9,40.0,0642184907900342,3.669
62211613,2022-06-02T02:33:40Z,25.9,40.0,0642184907900342,3.669
62211613,2022-06-02T02:34:43Z,25.9,40.0,0642184907900342,3.669
62211613,2022-06-02T02:35:45Z,25.9,40.0,0642184907900342,3.669
62211613,2022-06-02T02:36:48Z,26.0,40.0,0642184907900342,3.669
62211613,2022-06-02T02:37:51Z,25.9,40.0,0642184907900342,3.669
62211613,2022-06-02T02:38:53Z,26.0,40.0,0642184907900342,3.669
62211613,2022-06-02T02:39:25Z,26.0,40.0,0642184907900342,3.669
62211613,2022-06-02T02:40:27Z,26.0,40.0,0642184907900342,3.669
62211613,2022-06-02T02:41:30Z,26.0,40.0,0642184907900342,3.669
62211613,2022-06-02T02:42:32Z,26.0,40.0,0642184907900342,3.669
62211613,2022-06-02T02:43:35Z,26.0,40.0,0642184907900342,3.669
62211613,2022-06-02T02:44:38Z,26.0,40.0,0642184907900342,3.669
62211613,2022-06-02T02:45:09Z,26.0,40.0,0642184907900342,3.669
62211613,2022-06-02T02:46:12Z,26.0,40.0,0642184907900342,3.669
62211613,2022-06-02T02:47:14Z,26.0,40.0,0642184907900342,3.669
62211613,2022-06-02T02:48:17Z,26.0,40.0,0642184907900342,3.669
62211613,2022-06-02T02:49:20Z,26.0,40.0,0642184907900342,3.669
62211613,2022-06-02T02:50:22Z,26.0,40.0,0642184907900342,3.669
62211613,2022-06-02T02:50:54Z,26.0,40.0,0642184907900342,3.669
62211613,2022-06-02T02:51:56Z,26.0,40.0,0642184907900342,3.669
62211613,2022-06-02T02:52:59Z,26.0,40.0,0642184907900342,3.669
62211613,2022-06-02T02:54:01Z,26.0,40.0,0642184907900342,3.669
62211613,2022-06-02T02:55:04Z,26.0,40.0,0642184907900342,3.669
62211613,2022-06-02T02:56:07Z,26.0,40.0,0642184907900342,3.669
62211613,2022-06-02T02:56:38Z,26.0,40.0,0642184907900342,3.669
62211613,2022-06-02T02:57:41Z,26.0,40.0,0642184907900342,3.669
62211613,2022-06-02T02:58:43Z,26.0,40.0,0642184907900342,3.669
62211613,2022-06-02T02:59:46Z,26.0,40.0,0642184907900342,3.669
62211613,2022-06-02T03:00:49Z,26.0,40.0,0642184907900342,3.669
62211613,2022-06-02T03:01:51Z,26.0,40.0,0642184907900342,3.669
62211613,2022-06-02T03:02:23Z,26.0,40.0,0642184907900342,3.669
62211613,2022-06-02T03:03:25Z,26.0,40.0,0642184907900342,3.669
62211613,2022-06-02T03:04:28Z,26.0,40.0,0642184907900342,3.669
62211613,2022-06-02T03:05:31Z,26.0,40.0,0642184907900342,3.669
62211613,2022-06-02T03:06:34Z,26.0,40.0,0642184907900342,3.669
62211613,2022-06-02T03:07:38Z,26.0,41.0,0642184907900342,3.669
62211613,2022-06-02T03:08:09Z,26.0,41.0,0642184907900342,3.669
62211613,2022-06-02T03:09:13Z,26.0,41.0,0642184907900342,3.669
62211613,2022-06-02T03:10:17Z,26.0,41.0,0642184907900342,3.669
62211613,2022-06-02T03:11:20Z,26.0,41.0,0642184907900342,3.669
62211613,2022-06-02T03:12:24Z,26.0,41.0,0642184907900342,3.669
62211613,2022-06-05T16:53:12Z,24.5,43.0,0642184907900342,3.669
62211613,2022-06-05T16:54:06Z,24.5,43.0,0642184907900342,3.669
62211613,2022-06-05T16:54:39Z,24.5,43.0,0642184907900342,3.669
62211613,2022-06-05T16:56:04Z,24.5,43.0,0642184907900342,3.669
62211613,2022-06-05T16:56:53Z,24.5,43.0,0642184907900342,3.669
62211613,2022-06-05T16:57:47Z,24.5,43.0,0642184907900342,3.669
62211613,2022-06-05T16:59:19Z,24.4,43.0,0642184907900342,3.669
62211613,2022-06-05T17:01:29Z,24.4,43.0,0642184907900342,3.669
62211613,2022-06-05T17:02:20Z,24.4,43.0,0642184907900342,3.669
62211613,2022-06-05T17:03:14Z,24.4,43.0,0642184907900342,3.669
62211613,2022-06-05T17:04:50Z,24.4,43.0,0642184907900342,3.669
62211613,2022-06-05T17:05:49Z,24.4,43.0,0642184907900342,3.669
62211613,2022-06-05T17:06:54Z,24.4,43.0,0642184907900342,3.669
62211613,2022-06-05T17:07:51Z,24.4,43.0,0642184907900342,3.669
62211613,2022-06-05T17:08:50Z,24.4,43.0,0642184907900342,3.669
62211613,2022-06-05T17:09:46Z,24.4,43.0,0642184907900342,3.669
62211613,2022-06-05T17:10:46Z,24.4,43.0,0642184907900342,3.669
62211613,2022-06-05T17:11:43Z,24.4,43.0,0642184907900342,3.669
62211613,2022-06-05T17:12:39Z,24.4,43.0,0642184907900342,3.669
62211613,2022-06-05T17:13:37Z,24.4,43.0,0642184907900342,3.669
62211613,2022-06-05T17:14:27Z,24.4,43.0,0642184907900342,3.669
62211613,2022-06-05T17:15:05Z,24.4,43.0,0642184907900342,3.669
62211613,2022-06-05T17:15:51Z,24.4,43.0,0642184907900342,3.669
62211613,2022-06-05T17:16:39Z,24.4,43.0,0642184907900342,3.669
62211613,2022-06-05T17:17:40Z,24.4,43.0,0642184907900342,3.669
62211613,2022-06-05T17:17:44Z,24.4,43.0,0642184907900342,3.669
62211613,2022-06-05T17:18:43Z,24.4,43.0,0642184907900342,3.669
62211613,2022-06-05T17:18:46Z,24.4,43.0,0642184907900342,3.669
62211613,2022-06-05T17:21:32Z,24.4,43.0,0642184907900342,3.669
62211613,2022-06-05T17:22:31Z,24.4,43.0,0642184907900342,3.669
62211613,2022-06-05T17:23:31Z,24.4,43.0,0642184907900342,3.669
62211613,2022-06-05T17:24:30Z,24.4,43.0,0642184907900342,3.669
62211613,2022-06-05T17:25:24Z,24.4,43.0,0642184907900342,3.669
62211613,2022-06-05T17:26:21Z,24.4,43.0,0642184907900342,3.669
62211613,2022-06-05T17:27:20Z,24.4,43.0,0642184907900342,3.669
62211613,2022-06-05T17:28:21Z,24.4,43.0,0642184907900342,3.669
62211613,2022-06-05T17:29:19Z,24.4,43.0,0642184907900342,3.669
62211613,2022-06-05T17:30:16Z,24.4,43.0,0642184907900342,3.669
62211613,2022-06-05T17:31:19Z,24.4,43.0,0642184907900342,3.669
62211613,2022-06-05T17:32:23Z,24.4,43.0,0642184907900342,3.669
62211613,2022-06-05T17:32:52Z,24.4,43.0,0642184907900342,3.669
62211613,2022-06-05T17:33:29Z,24.4,43.0,0642184907900342,3.669
62211613,2022-06-05T17:33:56Z,24.4,43.0,0642184907900342,3.669
62211613,2022-06-05T17:34:58Z,24.4,43.0,0642184907900342,3.669
62211613,2022-06-05T17:36:01Z,24.4,43.0,0642184907900342,3.669
62211613,2022-06-05T17:37:04Z,24.4,43.0,0642184907900342,3.669
62211613,2022-06-05T17:37:35Z,24.4,43.0,0642184907900342,3.669
62211613,2022-06-05T17:38:38Z,24.4,43.0,0642184907900342,3.669
62211613,2022-06-05T17:39:40Z,24.5,43.0,0642184907900342,3.669
62211613,2022-06-05T17:40:43Z,24.5,43.0,0642184907900342,3.669
62211613,2022-06-05T17:41:45Z,24.5,43.0,0642184907900342,3.669
62211613,2022-06-05T17:42:48Z,24.5,43.0,0642184907900342,3.669
62211613,2022-06-05T17:43:19Z,24.5,43.0,0642184907900342,3.669
62211613,2022-06-05T17:44:22Z,24.5,43.0,0642184907900342,3.669
62211613,2022-06-05T17:45:25Z,24.5,43.0,0642184907900342,3.669
62211613,2022-06-05T17:46:22Z,24.5,43.0,0642184907900342,3.669
62211613,2022-06-05T17:46:27Z,24.5,43.0,0642184907900342,3.669
62211613,2022-06-05T17:47:25Z,24.5,43.0,0642184907900342,3.669
62211613,2022-06-05T17:47:30Z,24.5,43.0,0642184907900342,3.669
62211613,2022-06-05T17:48:28Z,24.5,43.0,0642184907900342,3.669
62211613,2022-06-05T17:48:33Z,24.5,43.0,0642184907900342,3.669
62211613,2022-06-05T17:49:08Z,24.5,43.0,0642184907900342,3.669
62211613,2022-06-05T17:49:35Z,24.5,43.0,0642184907900342,3.669
62211613,2022-06-05T17:50:07Z,24.5,43.0,0642184907900342,3.669
62211613,2022-06-05T17:50:51Z,24.5,43.0,0642184907900342,3.669
62211613,2022-06-05T17:51:09Z,24.5,43.0,0642184907900342,3.669
62211613,2022-06-05T17:51:54Z,24.5,43.0,0642184907900342,3.669
62211613,2022-06-05T17:52:12Z,24.5,43.0,0642184907900342,3.669
62211613,2022-06-05T17:53:14Z,24.5,43.0,0642184907900342,3.669
62211613,2022-06-05T17:54:17Z,24.5,43.0,0642184907900342,3.669
62211613,2022-06-05T17:55:20Z,24.5,43.0,0642184907900342,3.669
62211613,2022-06-05T17:55:51Z,24.5,43.0,0642184907900342,3.669
62211613,2022-06-05T17:56:54Z,24.5,43.0,0642184907900342,3.669
62211613,2022-06-05T17:57:56Z,24.5,43.0,0642184907900342,3.669
62211613,2022-06-05T17:58:59Z,24.5,43.0,0642184907900342,3.669
62211613,2022-06-05T18:00:02Z,24.5,43.0,0642184907900342,3.669
62211613,2022-06-05T18:01:04Z,24.5,43.0,0642184907900342,3.669
62211613,2022-06-05T18:01:35Z,24.5,43.0,0642184907900342,3.669
62211613,2022-06-05T18:02:38Z,24.5,43.0,0642184907900342,3.669
62211613,2022-06-05T18:03:41Z,24.5,43.0,0642184907900342,3.669
62211613,2022-06-05T18:04:43Z,24.5,43.0,0642184907900342,3.669
62211613,2022-06-05T18:05:46Z,24.5,43.0,0642184907900342,3.669
62211613,2022-06-05T18:06:49Z,24.5,43.0,0642184907900342,3.669
62211613,2022-06-05T18:07:20Z,24.5,43.0,0642184907900342,3.669
62211613,2022-06-05T18:08:23Z,24.5,43.0,0642184907900342,3.669
62211613,2022-06-05T18:09:25Z,24.5,43.0,0642184907900342,3.669
62211613,2022-06-05T18:10:28Z,24.5,43.0,0642184907900342,3.669
62211613,2022-06-05T18:11:31Z,24.5,43.0,0642184907900342,3.669
62211613,2022-06-05T18:13:04Z,24.5,43.0,0642184907900342,3.669
62211613,2022-06-05T18:14:07Z,24.5,43.0,0642184907900342,3.669
62211613,2022-06-05T18:15:10Z,24.5,43.0,0642184907900342,3.669
62211613,2022-06-05T18:16:12Z,24.5,43.0,0642184907900342,3.669
62211613,2022-06-05T18:17:15Z,24.5,43.0,0642184907900342,3.669
62211613,2022-06-05T18:18:18Z,24.5,43.0,0642184907900342,3.669
62211613,2022-06-05T18:19:20Z,24.5,43.0,0642184907900342,3.669
62211613,2022-06-05T18:19:52Z,24.5,43.0,0642184907900342,3.669
62211613,2022-06-05T18:22:59Z,24.5,43.0,0642184907900342,3.669
62211613,2022-06-05T18:24:02Z,24.5,43.0,0642184907900342,3.669
62211613,2022-06-05T18:25:05Z,24.5,43.0,0642184907900342,3.669
62211613,2022-06-05T18:25:36Z,24.5,43.0,0642184907900342,3.669
62211613,2022-06-05T18:26:39Z,24.6,43.0,0642184907900342,3.669
62211613,2022-06-05T18:28:44Z,24.6,43.0,0642184907900342,3.669
62211613,2022-06-05T18:29:47Z,24.6,43.0,0642184907900342,3.669
62211613,2022-06-05T18:30:49Z,24.6,43.0,0642184907900342,3.669
62211613,2022-06-05T18:31:21Z,24.6,43.0,0642184907900342,3.669
62211613,2022-06-05T18:32:23Z,24.6,43.0,0642184907900342,3.669
62211613,2022-06-05T18:33:26Z,24.6,43.0,0642184907900342,3.669
62211613,2022-06-05T18:34:28Z,24.6,43.0,0642184907900342,3.669
62211613,2022-06-05T18:35:31Z,24.6,43.0,0642184907900342,3.669
62211613,2022-06-05T18:36:34Z,24.6,43.0,0642184907900342,3.669
62211613,2022-06-05T18:37:05Z,24.6,43.0,0642184907900342,3.669
